Song ID,Metaphor,Interpretation,Source Domain,Target Domain
1,දෙනෙත් කවුලු හැර,ඇස් දෙක ඇර,දෙනෙත්,දෙනෙත් කවුලු
,අඳුරේ සීතල සලුව යටින්,මීදුම යටින්,මීදුම,සීතල සලුව
2,ආදරය සුන්දර වරදකි,ආදරය සුන්දරයි. විටක වරදකට පෙරලෙයි. මුලදී ආලය පෙන්නා එයම මහත් දුකක් බවට පත් කිරීම සුන්දර වරදකි,ආදරය,සුන්දර වරද
,ඉදුවර නුවන් දෑලේ,මහනෙල් මල් වගේ ඇස් වල බැල්ම,නුවන් දෑල,ඉදුවර නුවන් දෑල
,හද ස්වර තලා කම්පිත‍ වේවි,"මගේ හද කම්පනයෙන් නින්නාද දෙනවා, දුකින් තැලුනු මගේ හද  කම්පාවට පත්වෙලා",හද,හද ස්වර තලා
3,"ඔබේ ආදරේ, මිරිඟුවක් තනිකමක් විතරමයි",ඔබේ ආදරය ව්‍යාජ දෙයක්,ආදරය,"මිරිඟුව, තනිකම"
4,ආදරයේ උල්පත වූ අම්මා,ලෝකයේ තිබෙන්නා වටිනාම වස්තුව වන්නේ මවයි. එකී මවකගේ ආදරයට සමකළ හැකි අන් කිසිවක් මිහිපිට නොමැත,අම්මා,ආදරයේ උල්පත
5,ආදරේ මන්දිරේ,ආදරය නම් මන්දිරයේ,ආදරය,මන්දිරය
6,සුපුන් සඳ ඔබ තමයි මගේ,"ඔබ මගේ ලෝකය දීප්තිමත් කරයි, ඔබ මාව සතුටු  කරවයි",ලඳ,බාදුරා මල
7,මධු බිදුවකි ආදරේ,ආදරය ඉතා මිහිරි දෙයකි,ආදරය,මධු බිදුව
8,ඇයගේ මුව කමලේ,මලක් මෙන් ලස්සන ඇගේ මුහුණ,ඇයගේ මුව,කමල
9,අහසයි ඔබ මට නිම් හිම් නොපෙනෙන,ඔබ මට ගොඩක් වටියි,ඔබ,අහස
,අගාත අඳුරක දොල රන් සිළුව ඔබයි,ඔබ මගේ අඳුරු ජීවිතේ දීප්තිමත් කරයි,ඔබ,අගාත අඳුරක දොල රන් සිළුව
10,නීල වරල,දිලිසෙන කොණ්ඩය,වරල,නීල වරල
,නිල් නෙත් යුග,"නිල් සහ දීප්තිමත්, දිලිසෙන ඇස්  දෙක",නෙත් යුග,නිල් නෙත් යුග
,ඔබ මුළු ගමට මැණිකවේ,"ඔබ මුළු ගමම දීප්තිමත් කරයි, ඔබ මුළු ගමම සතුටු  කරවයි",ඔබ,මුළු ගමට මැණික
11,කළු‍වර ගෙදරට මිණි පහනක් වී,"මුළු ගෙදරම දීප්තිමත් කරයි, දුකින් පිරි මුළු ගෙදරම සතුටු  කරවයි",ඔබ,මිණි පහන
,දෙකම්මුලින් වට මුතු වට්ටිය නුඹගේ,මුතුවන් දිලිසෙන දත් පෙළ,දත් පෙළ,දෙකම්මුලින් වට මුතු වට්ටිය
12,අම්මා සඳකි,"මව සඳටද පියා හිරුටද දු දරුවන් ලෝකයටද උපමා කර ඇත.සැබැවින්ම සඳට ආලෝකය ලබාදෙන්නෙ හිරුය. නමුත් ලෝකයට දෘෂ්යමාන වන්නේ සඳුගේ ආලෝකය පමණි.එනම් පිය සෙනෙහස බොහො විට ගුප්ත,අදෘෂ්යමාන සෙනෙහසකි.දරුවන්ට දිස් වන්නේ මවගේ විවෘත වු සෙනෙහස පමණි.කෙසේ වුවත් ලෝකයෙ නැතිනම් දරුවන්ගේ පැවැත්මට හිරු සඳු දෙකේම සුසංයෝගය අත්‍යවශ්‍යය",අම්මා,සඳ
,මම ඒ ලොව හිරුය රිදී,"මව සඳටද පියා හිරුටද දු දරුවන් ලෝකයටද උපමා කර ඇත.සැබැවින්ම සඳට ආලෝකය ලබාදෙන්නෙ හිරුය. නමුත් ලෝකයට දෘෂ්යමාන වන්නේ සඳුගේ ආලෝකය පමණි.එනම් පිය සෙනෙහස බොහො විට ගුප්ත,අදෘෂ්යමාන සෙනෙහසකි.දරුවන්ට දිස් වන්නේ මවගේ විවෘත වු සෙනෙහස පමණි.කෙසේ වුවත් ලෝකයෙ නැතිනම් දරුවන්ගේ පැවැත්මට හිරු සඳු දෙකේම සුසංයෝගය අත්‍යවශ්‍යය",පියා,හිරු
,ඒ ඉර හඳෙන් ඔබේ ලෝකය එලිය වුනී,"මව සඳටද පියා හිරුටද දු දරුවන් ලෝකයටද උපමා කර ඇත.සැබැවින්ම සඳට ආලෝකය ලබාදෙන්නෙ හිරුය. නමුත් ලෝකයට දෘෂ්යමාන වන්නේ සඳුගේ ආලෝකය පමණි.එනම් පිය සෙනෙහස බොහො විට ගුප්ත,අදෘෂ්යමාන සෙනෙහසකි.දරුවන්ට දිස් වන්නේ මවගේ විවෘත වු සෙනෙහස පමණි.කෙසේ වුවත් ලෝකයෙ නැතිනම් දරුවන්ගේ පැවැත්මට හිරු සඳු දෙකේම සුසංයෝගය අත්‍යවශ්‍යය",දෙමව්පියන්,ඉර හඳ
,මහමෙරකට උසයි දරු පෙම හද පතුලේ,දරුවා ඉපදුන දා සිටම මවගේ පිටුපසින් ගොඩනැගුණු අද්වීතිය සෙවනැල්ල පියායි,දරු පෙම,මහමෙර
13,ස්වප්නයක්ද මේ තරම් පුදුමවූ ඔබේ අදරේ,"ඔයාගෙ ආදරේ මට පුදුමයක්, ඊටත් වඩා හීනයක්",ආදරය,ස්වප්නය
,"මධුවිතක්ද මේ තරම්, මධුරවූ ඔබේ අදරේ",ඔබගේ ආදරය මට ඉතා මිහිරි දෙයකි,ආදරය,මධුවිත
14,"දොලේ දියයි මට කෙතේ නිලයි, ගහ වැලේ මලයි මට අප්පච්චී",තමාගේ මුළු ජීවිතයම තම පියායි.එසේම තමාගේ වටිනාම වස්තුව තම පියායි,අප්පච්චී,"දොලේ දිය, කෙතේ නිල, ගහ වැලේ මල"
15,තව්තිසාවමයි මගේ කුඩා ගේ,මගේ කුඩා ගෙදර මට තව්තිසාව මෙන් සැප ගෙනදෙන තැනකි,ගෙදර,තව්තිසාව
16,ඉබි ගමනින්,ඉතා හෙමින්,ගමන,ඉබි ගමන
17,නෙලූ සුපෙම් කැටයම් හද පවුරැ තලාවේ,පවුරක ලීවා වගේ නොවේ සියලු සංස්කාරයෝ නැසෙනසුලුය,හදවත,පවුරැ තලාව
,මැකී ගියාදෝ කාලයේ වෙරළේ,හෙම්බත් වූ සංසාරය නමැති ජීවිතේ කාලය නමැති වෙරලේ ලීවාසේ,කාලය,වෙරළ
18,ඈ ස්වප්න මායාවකී,ඈ ව්‍යාජයි,ඇය,ස්වප්න මායාව
,ඇයයි නිල්ල මල් මාවතේ,ඇයයි මල් මාවත දිදුලවන්නි,ඇය,නිල්ල මල් මාවතේ
19,"රන් මසුරන් කිරි ගරුඬ තලාවක, හැලෙන හදින්",ඉතා හෙමින්,හඬ,රන් මසුරන් කිරි ගරුඬ තලාවක හැලෙන හඬ
20,මගෙ මල් කළඹ නුඹ,"මගේ ජීවිතය ලස්සන කරන, සුවදවත් කරන මල් කළඹ නුබයි",නුඹ,මල් කළඹ
21,සතුටයි සැපයි ඔබය මාගේ,ඔබ මාගේ වටිනාම වස්තුවයි,ඔබ,"සතුට, සැප"
22,ඇදුරුතුමියයි ප්‍රේමයේ ඔබ,මට ප්‍රේමය ඉගැන්වූයේ ඔබයි,ඔබ,ප්‍රේමයේ ඇදුරුතුමිය
23,ආලේ කුසුමෙන් මා හිත පිපිලා,ආදරය නම් මලෙන් මගේ හිත ප්‍රබෝදමත් වී ඇත,ආදරය,කුසුම
24,දැහැනකි ඔබ මගෙ හදවත බන්ධන,මගේ හදවත සිතන්නේ ඔබ ගැන පමණි,ඔබ,දැහැන
25,ඔබ මට මදාරා මලකිය පිය ලඳුනේ,ඔබ මට මදාරා මලක් මෙන් කලාතුරකින් හමුවූ ඉතා ලස්සන යුවතියකි,ලඳ,මදාරා මල
26,වස්තුව ඔබය පුතේ,මවකට වටිනාම වස්තුව තම පුතුයි,පුතා,වස්තුව
27,දෙවියොත් මගේ ආදර තාත්තයි,තමාගේ මුළු ජීවිතයම තම පියායි.එසේම තමාගේ වටිනාම වස්තුව තම පියායි,තාත්තා,දෙවියන්
28,දිගුනිල් වරලේ,දිග දිලිසෙන කොණ්ඩය,වරලස,දිගුනිල් වරලස
,නිළුපුල් නයනේ,"නිල් සහ දීප්තිමත්, දිලිසෙන ඇස්  දෙක",නයනය,නිළුපුල් නයනය
29,සංසාර ගිරි දුර්ගයේ,ගිරි දුර්ගයක් මෙන් දුෂ්කර සංසාරය,සංසාරය,ගිරි දුර්ගය
30,ලස්සනම සිහිනෙකි ඔයා,ඔබ මට ලබාගත නොහැකි දෙයකි,ඔබ,සිහිනය
31,දුවේ නුඹ මගෙ ප්‍රාණයයි,මගේ මුළු ජීවිතයම දුවේ නුඹයි. මගේ වටිනාම වස්තුව දුවේ නුඹයි,දුව,ප්‍රාණය
32,කසාදෙ නම් කසාය හරි තිත්ත බෙහෙතකි,කසාදෙ තිත්ත උනත් කසාය වැනි බෙහෙතකි. අමාරුවෙන් හරි බී ඉවසා සිටින්නෝ අවසානයේ සුවපත් වෙන්නෝය,කසාදය,තිත්ත බෙහෙත
33,මගේ ලොවට සඳ ඔබේ සිඟිති මුව,"ඔබේ සිනහව මගේ ලෝකය දීප්තිමත් කරයි, ඔබේ සිනහව මාව සතුටු  කරවයි",සිඟිති මුව,සඳ
34,දොළකී මේ ප්‍රීති ජීවිතේ,ජීවිතය දොළක් වගෙයි,ප්‍රීති ජීවිතේ,දොළ
35,ගලන ගඟකි ජීවිතේ,ජීවිතය ගලා යන ගඟක් වගේ. ආපසු හැරීමක් නැත,ජීවිතය,ගලන ගඟ
36,ඔබගෙ ජීවිතේ කතරකී වාලුකා,ඔබේ ජීවිතය වාලුකා කාන්තාරය මෙන් දුෂ්කර එකකි,ඔබගෙ ජීවිතය,වාලුකා කතර
37,ගමට කලින් හිරු මුළුතැන්ගෙට වඩනා,අප කාටත් කලින් අවදිවන්නී මවයි. ඈ අවදි වූ විගස දිවයන්නේ මුළුතැන්ගෙටයි. අවදි වී ආහාර පිසයි. දරුවන් පාසැල් යැවීමට අවශ්‍ය කටයුතු සුදානම් කරයි.මේ සියල්ලම සියල්ලම සිදු කරන්නේ ඇගේ අතිනි. හිරු යන්නෙන් සංකේතවත් කරනුයේ ඇගෙන් ලබනා ආලෝකයයි,මවගෙන් ලබනා ආලෝකය,හිරු
,නැණ මල්,බුද්ධිය නම් කුසුම,නැණ,මල්
,කලා වැවේ නිල් දියවර අපෙ අම්මා,"වැව යනු සංහල ගැමියාගේ ප්‍රාණය හා සමාන වස්තුවකි. ඒ නිසයි වැවට ගැමියන් දේවත්වයක් පවා ආරෝපණය කරනුයේ. මව ද කලා වැවේ නිල්වන් දියට සමාන කිරීමෙන් මව යනු අප සතු උතුම්ව වස්තුව වනවා යන්න අවධාරණය කරනවා පමණක් නොව, ඇයට දේවත්වයක් ද ආරෝපණය කරයි",අම්මා,කලා වැවේ නිල් දියවර
,සිත නෑ නිවන් දකින්නේ,සිතට විවේකයක්,සිතේ විවේකය,නිවන් දකිනවා
,ඇත් රැජිනියනේ,මව ඇත් රැජිනියකට සම කරයි.මන්ද අප දිවියේ සිටින දැවැනතම ශක්තිය මවයි,මව,ඇත් රැජිනිය
38,සදාතන ජීවය හදේ ඔබේ හසරැල්ලයි,ඔබේ සිනහව මගේ හදවත ජීවත් කරවයි,හදේ සදාතන ජීවය,ඔබේ හසරැල්ල
39,ගීතයක් උනා ඔබත් වේදනා මැවූ,ඔබ මට දුක් ගෙනදෙයි,ඔබ,වේදනා මැවූ ගීතය
40,හද මල් ගොමුවේ,හදවත නම් මල් ගොමුවේ,හදවත,මල් ගොමුව
41,ළඳේ නුඹයි මගෙ දුක් ගිනි නිවන්නී,නුඹයි මගේ දුක් නැති කරන්නී. නුඹයි මාව සතුටු කරන්නී,ලඳ,දුක් ගිනි නිවන්නී
,රෑන කිතුල් මල,දිගු කොණ්ඩය,දිගු කොණ්ඩය,රෑන කිතුල් මල
42,"ඈ පහනකී මා දිවිමගේ, එළිය දී  විහිදෙනා","ඇය මගේ ජීවිතය දීප්තිමත් කරයි, ඇය මාව සතුටු  කරවයි",ඇය,පහන
,"ඈ කුසුමකී මා දිවිමගේ, සුවඳ දී  විසිරෙනා","ඇය මගේ ජීවිතය ලස්සන කරයි, ඇය මගේ ජීවිතය සුවදවත් කරයි",ඇය,කුසුම
43,රෝස මලක පාට ගෑව ආකාසේ,රෝස පාට අහසේ ,රෝස පාට,රෝස මලක පාට
44,පහන ඔබය,"ඔබ මගේ ජීවිතය දීප්තිමත් කරයි, ඔබ මාව සතුටු  කරවයි",ඔබ,පහන
,තරුව ඔබය,"ඔබ මගේ ජීවිතය දීප්තිමත් කරයි, ඔබ මාව සතුටු  කරවයි",ඔබ,තරුව
,කුසුම ඔබය,"ඔබ මගේ ජීවිතය ලස්සන කරයි, ඔබ මගේ ජීවිතය සුවදවත් කරයි",ඔබ,කුසුම
45,ඔබේ නුවන් තරු එලියෙන්,ඔබේ දීප්තිමත් ඇස් දෙකේ දීප්තියෙන්,ඇස් දෙකේ දීප්තිය,නුවන් තරු එලිය
46,කදුළු එක්ක ගණුදෙනු කරනා,"කඳුලින් පිරුණු, දුකින් පිරුණු",දුක,කඳුළු එක්ක ගනුදෙනු කිරීම
47,ඔබ ය ප්‍රේම ප්‍රදීපේ,"ඔබ මගේ ජීවිතය දීප්තිමත් කරයි, ඔබ මාව සතුටු  කරවයි",ඔබ,ප්‍රේම ප්‍රදීපේ
48,මා හදවත මල් ලොවක් කලා,"මගේ හදවත ලස්සන කලා, මගේ හදවත සුවදවත් කලා",හදවත,මල් ලොව
49,නෙත් යුග රන් තරු යුවල තමයි,දිලිසෙන ඇස් දෙක,නෙත් යුග,රන් තරු යුවල
50,නිවසේ බැබළෙන පහන ඔබයි,"ඔබ මුළු නිවසම දීප්තිමත් කරයි, ඔබ මුළු නිවසම සතුටු  කරවයි",ඔබ,පහන
51,අප යන මේ මඟ කළුගල් මතුවී,අපේ ගමනට බාධක පැමිණී,බාධක,කළුගල්
52,"කැටපත් පවුරකි ඔබෙ නෙත් යුග මට, ආදර ගී පදවැල් රඳනා",ආදර ගී පදවැල් ඇති කැටපත් පවුරක් මෙන් ඔබේ ඇස දෙක මට බොහෝ දේ පවසයි,නෙත් යුග,කැටපත් පවුර
53,රිදී ඉරකි ඔබ මාගේ අඳුරු ජීවිතේ,ඔබ මගේ අඳුරු ජීවිතේ දීප්තිමත් කරයි,ඔබ,රිදී ඉර
54,කවිය ඔබ,ඔබ මට බොහෝ දේ පවසන කවියක් වගෙයි,ඔබ,කවිය
55,"මද සුළගේ ඔහෙ සැලෙනා, තනිවුන කුසුමකි මා",මම සුළගට ඔහේ වැනෙන තනිවුන මලක් වගේ,මම,තනිවුන කුසුම
56,ඉගෙනීම ඔබගේ ධනයයි,ඉගෙනීම ඔබට ඉතා වටිනා දෙයකි,ඉගෙනීම,ධනය
57,මලක මෙලෙක තිබුනු හදක් ගලක් කලේ ඇයි,මලක් මෙන් මෙලෙක්ව තිබු හදවත ගලක් මෙන් දැඩි කලේ ඇයි,හදවත,ගල
58,ඔබ වේ මගේ හද මන්දිරේ රැජිණී ප්‍රියේ,මගේ හදවත නම් මන්දිරයේ රැජින ඔබයි,හදවත,මන්දිරය
59,සේපාලිකා මල් බිමට බැහැලා ඇවිදින්න යන වෙලාවයි,රැයේ සොඳුරුතම මොහොතේ ඇති මිහිරියාව. මේ මොහොතේ සේපාලිකා මල් පවා බිමට බැස ඇත. ඔවුන්ට ඇවිදයන්නට කාගෙන් නම් තහංචිද? ,රාත්‍රී කාලය,සේපාලිකා මල් බිමට බැහැලා ඇවිදින්න යන වෙලාව
,නිල් තාරුකා බිම බලාගෙන වැව් දියට පෙම් බැඳි වෙලාවයි,තාරකාවන්හි ඡායාව වැව් දියට වැටී ඇත. ඒ දෙස බලන්නකුට පෙනෙනුයේ වැව් පතුලේ තාරකා ඇති බවකි,රාත්‍රී කාලය,තාරකාවන්හි ඡායාව වැව් දියට වැටෙන වේලාව
60,මීදුම් සේලෙන්,සුදු සේලයක් වන මීදුම,මීදුම,මීදුම් සේලය
61,මගේ පුංචි රෝස මලේ ,නුඹ රෝස මලක් මෙන් ලස්සනයි,නුඹ,රෝස මල
,මමයි නුඹේ වියපත් බඹරා,මම ඔබ  ගැන ආදරයක් ඇතිවූ ඔබට වඩා වයසින් වැඩි කෙනෙකි,මම,වියපත් බඹරා
62,මගේ සඳ ඔබ,"ඔබ මගේ ලෝකය දීප්තිමත් කරයි, ඔබ මාව සතුටු  කරවයි",ඔබ,සඳ
63,කුසුමක් පිබිදී ඇතත් සිතේ,සිතේ ආදරය නම් කුසුමක් පිපී ඇතත්,ආදරය,කුසුම
64,"දිය පාරක් වී බැස යන කල වන පෙතේ, මම කුඹුක් ගසක් වෙමි ඉවුරෙහි පිය කතේ",ඔබ දිය පහරක් වී ගල යන විට මම ඉවුර දෙපස ඇති කුඹුක් ගසක් වී ඔබව ආරක්ෂා කරන්නම්,මම,කුඹුක් ගස
65,මහද නමැති වන බඹරා,හදවත නමැති වන බඹරා,හදවත,වන බඹරා
66,"ජීවිතේ විසල් නදී තෙරේ, තුරු හිසත් මලත් ඔබයි මගේ","ඔබ මගේ ජීවිතය ලස්සන කරන මලයි, ඔබ මගේ ජීවිතයට හෙවණ දෙන තුරු සෙවණයි",ඔබ,"තුරු හිස, මල"
67,ජීවිත උයනේ මල් පිපිලා,ජීවිතය නම් උයනේ මල් පිපී ලස්සන වී ඇත,ජීවිතය,උයන
68,මල් යහනාවකි ලෝකේ,ලෝකය මල් යහනාවක් මෙන් ලස්සන තැනකි,ලෝකය,මල් යහනාව
,ජීවය තණ අග පිණි බිඳකී,ජීවිතය තණ අග රැදුණු පිණි බිඳක් මෙන් ඉතා අවිනිශ්චිත දෙයකි,ජීවය,තණ අග පිණි බිඳක්
,නිල් නෙත්මිණි පහනේ රන් කාන්තිය  පාවේ,නිල් සහ දීප්තිමත් ඇස දෙකී දීප්තිය විහිදේ,නෙත්,නිල් නෙත්මිණි පහන
69,"මලක් උනේ ඇයි ඔබ මට, ජීවිතයට සුවඳ සලන","ඔබ මගේ ජීවිතය ලස්සන කරයි, ඔබ මගේ ජීවිතය සුවදවත් කරයි",ඔබ,මල
,"විලක් උනේ ඇයි ඔබ මට, ජීවිතයට සිසිල ඉසින",ඔබ මගේ ජීවිතයට සිසිල ගෙනෙන විලක් වගෙයි,ඔබ,විල
70,රැස් දහරක් වී ඔබ එන්නේ,"ඔබ මගේ ලෝකය දීප්තිමත් කරයි, ඔබ මාව සතුටු  කරවයි",ඔබ,රැස් දහර
71,ගම එළිය කරන මිහිර ගෙනෙන පහණ ඔබයි,"ඔබ මුළු ගමම දීප්තිමත් කරයි, ඔබ මුළු ගමම සතුටු  කරවයි",ඔබ,පහණ
72,මෑනියනේ හද සෙවන ගෙනෙන නිවන ඔබ තමා,මගේ හදවතට විවේකයක් ගෙනදෙන්නේ ඔබයි මෑණියනි,මෑණියන්,නිවන
,මා ළයෙහි සුව මිහිර මවන පහන ඔබ තමා,මගේ දිවිය ආලෝකමත් කරන පහන ඔබයි මෑණියනි,මෑණියන්,පහන
73,"මට මෙන් ඔහුටද කඳුළ ඔබයි, කඳුළ ඔබයි හසරැල්ල ඔබයි",මට මෙන් ඔහුටද ඔබ ඉතා වටිනා වස්තුවකි,ඔබ,"කඳුළ, හසරැල්ල"
74,"මට මුළු ලොවම ඔබයි, මගෙ මුළු ලොවම ඔබයි",ඔබ මට මගේ ජීවිතය මෙන් ඉතා වටිනා වස්තුවකි,ඔබ,මුළු ලොව
75,"පවස නිවන දිය පොදක් නොවී ඔබ, ඇයි මහ සාගරයක් වුයේ","ඇයි ඔබ මගේ ජීවිතේ පිපාසෙට මගේ ආත්මයේ පිපාසෙට සිසිලස ගෙනෙන දිය පොදක් නොවී මහා සාගරයක් වුණේ, මහා සාගරය අනන්තයකි. එහෙත් පවස නිවාගන්නට එක දිය දෝතක් දන් දෙන්නට ඒ මහා සාගරයට වරම් නැත",ඔබ,මහ සාගරය
76,ඒ නිල් දෑසේ බැල්මෙන් කැල්මෙන්,නිල සහ දීප්තිමත් ඇස් දෙකේ දීප්තියෙන්,දෑස,නිල් දෑස
77,මිහි මඬලේ අඳුරු කුසේ දිය උල්පත අම්මා,මහ පොළොවේ අඳුරු කුහරයෙහි සැඟවුණු දිය උල්පත අම්මා ය,අම්මා,දිය උල්පත
,අහස් තලෙන් මරු කතරට වහින වැස්ස අම්මා,මහ පොළොවේ අඳුරු කුහරයෙහි සැඟවුණු දිය උල්පත අම්මා ය. ඒ උල්පත් දියම වාෂ්පීකරණය ඔස්සේ අහස් කුස රැඳෙයි. වැහි වලාකුළු මගින් වැස්සක් බවට හැරෙයි. එය මරුකතරට වහින වැස්සකි,අම්මා,වැස්ස
,උදා ගිරෙන් ලොවට වඩින ලහිරු මඬල අම්මා,අම්මා ලොවම එලිය කරයි,අම්මා,ලහිරු මඬල
78,හිමගිර මට වැලි අහුරකි,ආදරය වෙනුවෙන් ලෝකයම එක්ක හරි කරන්න පුළුවන් අරගලය ළඟ හිමගිර කියන්නෙ දෝතට ගත හැකි වැලි අහුරක් විතරයි,හිමගිර,වැලි අහුර
79,දෙනෙතෙ හී නිල්මිණී,"නිල් සහ දීප්තිමත්, දිලිසෙන ඇස්  දෙක",දෙනෙතේ ආලෝකය,නිල්මිණී
80,සෙනෙහස අඳුනයි ජීවිතේ,ජීවිතය පවතින්නේ සෙනෙහස නිසයි,සෙනෙහස,ජීවිතේ අඳුන
81,මුව හසරැලි සාගරයේ,සාගරයක් මෙන් නිමක් නොමැති සිනහව,හසරැලි,හසරැලි සාගරය
,මුතු වැලක් වෙලා,මුතු මෙන් දිලිසෙන දත් පෙළ,දත් පෙළ,මුතු වැල
82,නීල දෑස,"නිල් සහ දීප්තිමත්, දිලිසෙන ඇස්  දෙක",දෑස,නීල දෑස
83,නීල නුවන් යුග,"නිල් සහ දීප්තිමත්, දිලිසෙන ඇස්  දෙක",නුවන් යුග,නීල නුවන් යුග
84,කළු දුම් වැලකි ජීවිතේ,"ජීවිතය කළු දුම් වැලක් මෙන් ඉතා අඳුරු , කටුක දෙයකි",ජීවිතේ,කළු දුම් වැල
85,"නෙතට උළෙලක් විය එදා ඔබ, කඳුළු බිදුවක් වුව මෙදා",එදා මාව සතුටු කල ඔබ අද මාව දුකට පත් කරයි,ඔබ,"නෙතට උළෙල, කඳුළු බිදුව"
86,නිල් තරු නෙතු,"නිල් සහ දීප්තිමත්, දිලිසෙන ඇස්  දෙක",නෙතු,නිල් තරු නෙතු
87,නිල් උපුල් නුවන්,"නිල් සහ දීප්තිමත්, දිලිසෙන ඇස්  දෙක",නුවන්,නිල් උපුල් නුවන්
88,නිල්වන් මුහුදු තීරේ,නිල පාටින් දිදුලන වතුර පිරි මුහුඳ,මුහුදු තීරේ,නිල්වන් මුහුදු තීරේ
89,සමනල පියාපතක් ද ජීවිතේ,ජීවිතය සමනල පියාපතක් මෙන් සැහැල්ලු දෙයක්ද,ජීවිතය,සමනල පියාපත
90,සද පහනකි මා නිකැලැල් අඳුරට,ඔබ මගේ අඳුරු ජීවිතේ දීප්තිමත් කරයි,ඔබ,සද පහන
91,ඔබ දේදුන්න ආකාසයේ,දේදුන්න අහස ලස්සන කරන්නාක් මෙන් ඔබ මගේ ජීවිතය ලස්සන කරයි,ඔබ,දේදුන්න
92,මගෙ ගීත නිධානය ඔබම තමා,ඔබ මට නිධානයක් මෙන් ඉතා වටිනා වස්තුවකි,ඔබ,ගීත නිධානය
93,පුර සඳක් වෙලා ඔබ අහසේ දිලේවී,"ඔබ මගේ ලෝකය දීප්තිමත් කරයි, ඔබ මාව සතුටු  කරවයි",ඔබ,පුර සඳ
94,ඔබ මට තරුවකි ගනඳුරු රැයක දි,අඳුරු රැයකදී තරු ආලෝකය දෙන්නාක් මෙන් මගේ ජීවිතය දීප්තිමත් කරන ආලෝකය ඔබයි,ඔබ,තරුව
95,ඔබෙ මුව පියුමේ,මලක් මෙන් ලස්සන ඔබේ මුහුණ,මුව,පියුම
96,පෙර මග මුතු පෑදේමයි,අනාගතය දිදුලයි,පෙර මග,පෙර මග මුතු පෑදේ
,කතරේ මල් පීදේමයි,කතර මෙන් කටුක තැනක් වුනත් මල් පීදී සශ්‍රික වෙයි,කතර,කතරේ මල් පීදේ
97,සුනිල පළිඟු දියෙන් සපිරි පොකුණ මා තමයි,මගේ ජීවිතය පොකුණක් නම් එය සුවඳ කරන මල ඔබයි,මම,පොකුණ
,සුවඳ රුවද එකම පරිදි රැගත් මල ඔබයි,මගේ ජීවිතය පොකුණක් නම් එය සුවඳ කරන මල ඔබයි,ඔබ,මල
98,ඔබයි රම්‍ය සඳ කිරණ ඝණ අන්ධකාරේ,මගේ අඳුරු ජීවිතය දීප්තිමත් කරන සඳ කිරණ වැනි ආලෝකය ඔබයි,ඔබ,රම්‍ය සඳ කිරණ
,ඔබයි සෞම්‍ය තරු එළිය ගිම්හාන කාලේ,මගේ අඳුරු ජීවිතය දීප්තිමත් කරන තරු එලිය ඔබයි,ඔබ,සෞම්‍ය තරු එළිය
99,නීල වර්ණ වරල,දිලිසෙන කොණ්ඩය,වරල,නීල වර්ණ වරල
100,නිල් නුවන්,"නිල් සහ දීප්තිමත්, දිලිසෙන ඇස්  දෙක",නුවන්,නිල් නුවන්
101,නිලුපුල් නෙතේ,"නිල් සහ දීප්තිමත්, දිලිසෙන ඇස්  දෙක",නෙත,නිලුපුල් නෙත
,ඔබ මාගේ ආලෝකේ වේ අන්ධකාරයේ,ඔබ මගේ අඳුරු ජීවිතේ දීප්තිමත් කරයි,ඔබ,ආලෝකේ
,ඔබ මාගේ උල්පත වේ මෙ කාන්තාරයේ,කාන්තාරයක ඇති උල්පතක් මෙන් ඔබ කාන්තාරය මෙන් දුෂ්කර මගේ දිවියට සිසිලස දෙයි,ඔබ,උල්පත
102,එරබදු මල් මාසේ,අප්‍රේල් මාසයේ,අප්‍රේල් මාසය,එරබදු මල් මාසය
103,පාලු අඳුරු නිල් අහස මමය,පාලු අඳුරු නිල් අහස මෙන් අඳුරු මගේ ජීවිතය ආලෝකමත් කරන තනි තරුව ඇයයි,මම,පාලු අඳුරු නිල් අහස
,ඈත දිලෙන තනි තරුව ඇයයි,පාලු අඳුරු නිල් අහස මෙන් අඳුරු මගේ ජීවිතය ආලෝකමත් කරන තනි තරුව ඇයයි,ඇය,තනි තරුව
,අසාර වූ මහ පොළොව මමය,අසාර වූ පොළොව මෙන් කටුක මගේ ජීවිතයට සිසිලස දෙන දිය දහර ඇයයි,මම,අසාර වූ මහ පොළොව
,ගලා බසින දිය දහර ඇයයි,අසාර වූ පොළොව මෙන් කටුක මගේ ජීවිතයට සිසිලස දෙන දිය දහර ඇයයි,ඇය,දිය දහර
104,ඇළේ වතුර නිල් කැටේට,ඉතා පිරිසිදු ජලය,වතුර,නිල් කැටේ
105,නීල වරලියේ,දිලිසෙන කොණ්ඩයක් ඇත්තිය,වරල,නීල වරල
106,නීල නුවන්,"නිල් සහ දීප්තිමත්, දිලිසෙන ඇස්  දෙක",නුවන්,නීල නුවන්
107,නිල් තණ පලසෙහි,පිණි බිඳු නිසා පලසක් මෙන් දිලිසෙන තණකොළ,තණ පලස,නිල් තණ පලස
108,පියවරුමයි ලොව මහ සයුරක් වී පොළොව නිවා ලන්නේ,ගිනියම් වූ ලොවම මහ සයුරක් ලෙස නිවා දමන්නේ පියවරුන්ය,පියවරු,මහ සයුර
109,ඔබේ සෙනෙහෙ ගඟ නැත වියැළෙන්නේ,"ඔබේ සෙනෙහස නම් ගංගාව වියලෙන්නේ නැත, සෙනෙහසේ නිමාවක් නැත",සෙනෙහස,ගඟ
110,ගිමන නිවන මහද අරණ තුරුල ඔබ ප්‍රියේ,මගේ වෙහෙස නිවන සෙවනැල්ල ඔබයි,ඔබ,අරණ තුරුල
111,මගේ නිවන මගේ පැල්පතයි,මගේ සිතට විවේකයක් ගෙන දෙන්නේ මගේ ගෙදරයි,පැල්පත,නිවන
112,ඔබේ දෙතොළඟ නා දළු පැහැ ගැහිලා,"නා දළු පාට, ලස්සන, සුමුදු දෙතොල්",දෙතොළේ පාට,නා දළු පැහැ
,මුවතුල ගජමුතු ඇත පිරිලා,ගජමුතු මෙන් දිලිසෙන දත්පෙළ,දත්,ගජමුතු
113,හිනැහෙන විට මුතු දිලිහෙනවා,සිනාසෙන විට දත් පෙළ මුතු මෙන් දිලිසෙනවා,දත්,මුතු
114,"මා හද විමනේ දැල්වෙන පහනේ, සැමදා වේවා ඔබ ආලෝකේ",ඔබ මගේ හදවත දීප්තිමත් කරයි,ඔබ,පහන
115,නා දළු දෙතොල්,"නා දළු මෙන් ලස්සන, සුමුදු දෙතොල්",දෙතොල්,නා දළු දෙතොල්
116,රත්තරන් නෙත්,දිලිසෙන ඇස්  දෙක,නෙත්,රත්තරන් නෙත්
117,නීල දෙනුවන්,"නිල් සහ දීප්තිමත්, දිලිසෙන ඇස්  දෙක",දෙනුවන්,නීල දෙනුවන්
118,ඉඳුනීල නෙතු,දිලිසෙන ඇස්  දෙක,නෙතු,ඉඳුනීල නෙතු
119,කුසුම් ලොවේ රැජිණ ඔබ තමයි,මල් අතුරිනුත් ලස්සනම මල ඔයයි,ඔබ,කුසුම් ලොවේ රැජිණ
,මුව කමළ,මලක් මෙන් ලස්සන මුහුණ,මුව,මුව කමළ
120,සිතුවිලි සයුරක්,සයුරක් මෙන් මගේ සිතුවිලි විශාලයි,සිතුවිලි,සිතුවිලි සයුර
121,"සොයා එන්න ගණඳුර තරු නිවලා, මගේ එළිය අද ඔබ පමණී",ඔහු පිළිසරණ ලෙස හඳුනා ගන්නේ අඳුරය. සඳ අහිමි වූ කල තරු වලින් කවර ඵල ද? අතේ දුරින් සිටින ඔහුගේ ප්‍රේමයේ  සජීවී සංකේතයට වඩා ඒ ගණඳුර ඔහුට ළඟය. අඳුරෙහි සැඟවීම තුළ ඔහු සිය වේදනාව ද සිතුවිලි ද සඟවයි,ඔබ,එළිය
122,නෙතින් ගලනා කඳුළු වැල් ගංගාවෝ,ගංගාවක් මෙන් නොනවත්වා ඇස දෙකෙන් කදුළු වැටෙයි,කඳුළු,කඳුළු වැල් ගංගාවෝ
123,ගල් කැට අතරින් මැණිකක් ඇහිඳීම අසීරුයි,නරක මිනිසුන් අතුරින් හොද මිනිසෙක් තොර ගැනීම අපහසුයි,නරක මිනිසුන්,ගල් කැට
,ගල් කැට අතරින් මැණිකක් ඇහිඳීම අසීරුයි,නරක මිනිසුන් අතුරින් හොද මිනිසෙක් තොර ගැනීම අපහසුයි ,හොද මිනිසා,මැණික
124,මගෙ හදවත් මල තවමත් පිබිදෙනවා,මගේ හදවත නමැති මල තවමත් පිපෙයි,හදවත,මල
125,මා මඳ සුළඟයි,සුළගයි සුවඳයි එකට හමා යන මෙන් අපි දෙදෙනා ගැලපෙයි,මම,මඳ සුළඟ
,ඔබ මුදු සුවඳයි,සුළගයි සුවඳයි එකට හමා යන මෙන් අපි දෙදෙනා ගැලපෙයි,ඔබ,මුදු සුවඳ
126,දිවි කතරේ,කාන්තාරයක් මෙන් දුෂ්කර ජීවිතයේ,දිවිය,කතර
127,නීලහරිත වනසම්පත්,ගස් වලින් පිරුන වනාන්තරය,වනසම්පත,නීලහරිත වනසම්පත්
128,කතර දෙව් ලොවක් වේ,කාන්තාරය මෙන් දුෂ්කර තැනක් වුනත් මට දෙව්ලොව මෙන් සැප දෙන තැනක් වේ,කතර,දෙව් ලොව
129,"මග එළි මවනා තරු කැන් ඔබ වේ, තනි වූ කතර ඉමේ",කාන්තාරයක් මෙන් දුෂ්කර මේ ජීවිතයේ තනිවූ මා හට මග පෙන්වන තරු එළි ඔබයි,ඔබ,තරු කැන්
,මා හදේ හිරුත් ඔබයි මා හදේ සදුත් ඔබයි,ඔබ මගේ හදවත දීප්තිමත් කරයි,ඔබ,"හිරු, සදු"
130,සිහිනයකි ඔබ,ඔබ මට ලබාගත නොහැකි දෙයකි,ඔබ,සිහිනයක්
,ඉරකි ඔබ මට සදකි ඔබ මට,"ඔබ මගේ ජීවිතය දීප්තිමත් කරයි, ඔබ මාව සතුටු  කරවයි",ඔබ,"ඉර, සද"
131,නිල් තණ පලසේ,පිණි බිඳු නිසා පලසක් මෙන් දිලිසෙන තණකොළ,තණ පලස,නිල් තණ පලස
132,නිල්මිණි දෑසට,"නිල් සහ දීප්තිමත්, දිලිසෙන ඇස්  දෙක",දෑස,නිල්මිණි දෑස
133,හදවත විල් දිය චංචල වේ,"හදවත නම් විලේ දිය චංචල වේ, හදවත කම්පා වේ",හදවත,විල
134,ස්නේහයේ නගරයයි සිත මගේ,මගේ සිත ආදරයෙන් පිරී ඇත,සිත,ස්නේහයේ නගරය
,නිල් නුවන්,"නිල් සහ දීප්තිමත්, දිලිසෙන ඇස්  දෙක",නුවන්,නිල් නුවන්
135,නිලුපුල් දෑසේ,"නිල් සහ දීප්තිමත්, දිලිසෙන ඇස්  දෙක",දෑස,නිලුපුල් දෑස
,නිල් දෑසේ,"නිල් සහ දීප්තිමත්, දිලිසෙන ඇස්  දෙක",දෑස,නිල් දෑස
136,ප්‍රේම කුසුම් පිපී හදේ,හදවතේ ප්‍රේමය නම් කුසුම පිපී ඇත,ප්‍රේමය,කුසුම්
137,නිල් දෑසේ,"නිල් සහ දීප්තිමත්, දිලිසෙන ඇස්  දෙක",දෑස,නිල් දෑස
138,වත කමලේ,මලක් මෙන් ලස්සන මුහුණ,වත,කමල
139,වත කමලේ,මලක් මෙන් ලස්සන මුහුණ,වත,කමල
140,"ගී පොතේදී මා ලියූ ශෝක ගීතයේ, උල්පතයි ඔබේ නෙතින් බැලූ බැලුම් ප්‍රියේ",ඔහුගේ දිවිය ශෝක ගීතයක් කරන ලද්දේද ඇයටග් නෙතඟබැලුම්ය. ඇයගේ බැලුම් ඔහුගේ දෙනෙතෙන් කඩා හැළෙන කඳුළෙහි උල්පතයි,නෙත් බැලුම්,ශෝක ගීතයේ උල්පත
141,සුනිල්වන් නුවන් යුග,දිලිසෙන ඇස්  දෙක,නුවන් යුග,සුනිල්වන් නුවන් යුග
142,නෞකාවකි ඔබ ඈත සමුදුරේ,ඔබ ඈත සමුදුරේ පැදයන නෞකාවක් නම් මම ඔබට පාර කියන පහන් ටැඹකි,ඔබ,නෞකාව
,මා පහන් ටැඹයි මෑත ගොඩබිමේ,ඔබ ඈත සමුදුරේ පැදයන නෞකාවක් නම් මම ඔබට පාර කියන පහන් ටැඹකි,මම,පහන් ටැඹ
143,මගෙ ජීවය ගල් ලෙනකී,ගල් ලෙනක් මෙන් අඳුරු මගේ ජීවිතේ ඔබ දීප්තිමත් කරයි,ජීවය,ගල් ලෙන
,පහණ ඔබ තමා,ගල් ලෙනක් මෙන් අඳුරු මගේ ජීවිතේ ඔබ දීප්තිමත් කරයි,ඔබ,පහණ
144,මගෙ ජිවන මල් උයනේ,මගේ ජීවිතය නම් මල් උයනේ පිපුණු ප්‍රේමය නම් මල ඔබයි,ජීවිතය,මල් උයන
,ඔබ වෙයි පිපි පෙම් කුසුමේ ,මගේ ජීවිතය නම් මල් උයනේ පිපුණු ප්‍රේමය නම් මල ඔබයි,ඔබ,පෙම් කුසුම
145,මගේ පුංචි පැල්පතේ පහනමයි ඔයා සඳේ,ඔබ මගේ  පැල්පත සඳ මෙන් දීප්තිමත් කරයි,ඔබ,"පහන, සඳේ"
146,නෙත නිලුපුල්,"නිල් සහ දීප්තිමත්, දිලිසෙන ඇස්  දෙක",නෙත,නිලුපුල් නෙත
,වත රතුපුල්,ලස්සන මුහුණ,වත,රතුපුල් වත
147,"තිමිර එළිය කෙරු මගෙ ලොව දිනිසුරු, තරුපති සහකරු ඔබයි","ඔබ ,සඳු මෙන් මගේ ලෝකය දීප්තිමත් කරයි, ඔබ මාව සතුටු  කරවයි",ඔබ,"උදානය,අමිල නිදානය, ජීවය"
148,නීල වරල,දිලිසෙන කොණ්ඩය,වරල,නීල වරල
149,මිණි පහන ඔබයි කන්ද උඩරටේ,ඔබ කන්දට උඩර දීප්තිමත් කරයි,ඔබ,මිණි පහන
150,නීල නෙතු,"නිල් සහ දීප්තිමත්, දිලිසෙන ඇස්  දෙක",නෙතු,නීල නෙතු
